Razón Social,RFC,No. Estación,Alias,Teléfono,Móvil,Correo
"INMUEBLES PORBA, S.A. DE C.V.",IPO9011086S6,ES12750,Porba Acapulco,(744) 446 12 75,744 135 65 90,es12750@gasosur.com.mx
"INMUEBLES PORBA, S.A. DE C.V.",IPO9011086S6,ES13899,Porba México,(593) 688 19 92,558 037 90 86,es13899@gasosur.com.mx
"ESTACION DE SERVICIO MOZIMBA, S.A. DE C.V.",ESM920728G7A,ES00302,Mozimba,(744) 483 31 47,744 181 90 80,es302@gasosur.com.mx
"MULLER Y ASOCIADOS, S.A. DE C.V.",MAS950425A11,ES00303,Muller,(744) 190 25 27,744 225 57 92,es303@gasosur.com.mx
"ALCARAZ SOBERANIS, S.A. DE C.V.",ASO8703257I5,ES00304,Alcaraz 1,(744) 482 01 11,744 175 18 76,es304@gasosur.com.mx
"ALCARAZ SOBERANIS, S.A. DE C.V.",ASO8703257I5,ES15032,Alcaraz 2,,747 274 0273,es15032@gasosur.com.mx
"COMBUSTIBLES GASOSUR, S.A. DE C.V.",CGA901108NN2,ES00320,Chilpo 1,(747) 471 00 35,747 117 52 93,es320@gasosur.com.mx
"COMBUSTIBLES GASOSUR, S.A. DE C.V.",CGA901108NN2,ES10783,Chilpo 2,(747) 480 01 99,744 216 51 96,es10783@gasosur.com.mx
"COMBUSTIBLES GASOSUR, S.A. DE C.V.",CGA901108NN2,ES03526,Cruz Grande,(745) 458 00 10,745 113 62 72,es3526@gasosur.com.mx
"ARREDONDO VILLANUEVA HERMANOS, S.A.",AVH700907LE5,ES02906,Arredondo,(744) 441 71 43,744 225 35 89,es2906@gasosur.com.mx
"SERVI COPACABANA, S.A. DE C.V.",SCO840806QC4,ES02953,Copacabana,(744) 466 03 02,744 192 94 28,es2953@gasosur.com.mx
"ESTACION DE SERVICIO POLOTITLAN, S.A. DE C.V.",ESP090213FT7,ES10427,Polotitlán,(744) 125 48 25,744 117 0231,es10427@gasosur.com.mx
"SERVICIO CAYACO, S.A. DE C.V.",SCA9411218PA,ES04248,Cayaco 1,(744) 468 13 64,744 207 99 07,es4248@gasosur.com.mx
"SERVICIO CAYACO, S.A. DE C.V.",SCA9411218PA,ES10484,Cayaco 2,(744) 116 49 98,744 107 01 67,es10484@gasosur.com.mx
"SERVICIO CAYACO, S.A. DE C.V.",SCA9411218PA,ES15495,Cayaco 3,,745 103 20 84,es15495@gasosur.com.mx
"SERVICIO LIBERTADORES, S.A. DE C.V.",SLI980427QB1,ES05182,Libertadores,(744) 442 06 50,744 225 32 45,es5182@gasosur.com.mx
"SERVICIO MAGALLANES, S.A. DE C.V.",SMA990713IS1,ES05588,Magallanes,(744) 485 16 79 / 190 25 67,744 506 99 44,es5588@gasosur.com.mx
"SERVICIO LLANO LARGO, S.A. DE C.V.",SLL010605288,ES14209,El Quemado,,744 102 7631,es14209@gasosur.com.mx
"SERVICIO LLANO LARGO, S.A. DE C.V.",SLL010605288,ES06494,Puerto Marquez,(744) 406 02 70,744 420 03 02,es6494@gasosur.com.mx
"SERVICIO COSTERA, S.A. DE C.V.",SCO010122MF3,ES06145,Costera,(744) 481 09 30,744 503 88 84,es6145@gasosur.com.mx
"SERVICIO DIAMANTE, S.A. DE C.V.",SDI011023GL8,ES07030,Diamante,(744) 466 30 68 / 188 56 35,744 207 96 95,es7030@gasosur.com.mx
"SERVI FER, S.A. DE C.V.",SFE020801CS2,ES07839,Servi Fer Acapulco,(744) 450 12 18,744 225 36 00,es7839@gasosur.com.mx
"SERVI FER, S.A. DE C.V.",SFE020801CS2,ES13064,Chilpofer,(747) 480 00 89,747 141 04 90,es13064@gasosur.com.mx
"SERVI FER, S.A. DE C.V.",SFE020801CS2,ES14206,Tecámac,,,es14206@gasosur.com.mx
"PORCLA, S.A. DE C.V.",POR000712NT8,ES06377,Porcla,(593) 611 80 01,551 069 74 49,es6377@gasosur.com.mx
"SERVI BOULEVARD, S.A. DE C.V.",SBO020902DX1,ES12495,Boulevard Acapulco,(744) 403 16 51,744 258 53 32,es12495@gasosur.com.mx
"SERVI BOULEVARD, S.A. DE C.V.",SBO020902DX1,ES11721,Boulevard México,(593) 611 82 30 / 611 82 31,554 194 19 86,es11721@gasosur.com.mx
"RADIO FARO, S.A. DE C.V.",RFA170221NY8,ES14725,Radio Faro,,,
"SERVI LA VENTA, S.A. DE C.V.",SVE020110N96,ES08627,La Venta,(744) 125 64 69,744 586 10 61,es8627@gasosur.com.mx
"SERVI LAS PLAYAS, S.A. DE C.V.",SPL840806170,ES00317,Las Playas,(744) 484 16 19,744 176 37 00,es317@gasosur.com.mx
"COMBUSTIBLES COYUCA, S.A. DE C.V.",CCO030218M92,ES03025,Coyuca 1,(781) 452 03 83,781 107 47 38,es3025@gasosur.com.mx
"COMBUSTIBLES COYUCA, S.A. DE C.V.",CCO030218M92,ES14354,Coyuca 2,,744 209 56 67,es14354@gasosur.com.mx
